{
    "name": "SAMC21_ADC",
    "keywords": "samc21 adc",
    "description": "This library provides ADC configs for an Atmel SAMC21",
    "authors":
    {
        "name": "Scott Price",
        "url": "http://www.hugllc.com/"
    },
    "version":     "0.1.0",
    "downloadUrl": "https://github.com/hugllc/samc21_adc",
    "frameworks": "arduino",
    "platforms": ["atmelsam"],
    "dependencies":
    [
    ],
    "export": {
        "include":
        [
            "examples/*",
            "src/*",
            "library.json",
            "library.properties",
            "README.md"
        ],
        "exclude":
        [
            "testcode",
            "Makefile",
            "test"
        ]
    },
        "build": {
        "flags": [
            "-Wall", "-Werror", "-Wformat-nonliteral",
            "-Wpointer-arith", "-Wmissing-declarations", "-Winline", 
            "-Wwrite-strings", "-Wno-unused-parameter", "-Wfloat-equal"
        ]
    }
}
